C:\Users\bvans\Desktop\Technology\University-of-London\Level5\Session3\OOP\tracks\aon_inspired.mp3,1:34
C:\Users\bvans\Desktop\Technology\University-of-London\Level5\Session3\OOP\tracks\bad_frog.mp3,8:01
C:\Users\bvans\Desktop\Technology\University-of-London\Level5\Session3\OOP\tracks\bleep_2.mp3,0:50
C:\Users\bvans\Desktop\Technology\University-of-London\Level5\Session3\OOP\tracks\bleep_10.mp3,0:18
C:\Users\bvans\Desktop\Technology\University-of-London\Level5\Session3\OOP\tracks\c_major_theme.mp3,1:47
C:\Users\bvans\Desktop\Technology\University-of-London\Level5\Session3\OOP\tracks\electro_smash.mp3,2:14
C:\Users\bvans\Desktop\Technology\University-of-London\Level5\Session3\OOP\tracks\fast_melody_regular_drums.mp3,1:24
C:\Users\bvans\Desktop\Technology\University-of-London\Level5\Session3\OOP\tracks\fast_melody_thing.mp3,1:20
C:\Users\bvans\Desktop\Technology\University-of-London\Level5\Session3\OOP\tracks\hard.mp3,0:13
C:\Users\bvans\Desktop\Technology\University-of-London\Level5\Session3\OOP\tracks\ms20_improvisation.mp3,7:42
C:\Users\bvans\Desktop\Technology\University-of-London\Level5\Session3\OOP\tracks\selection1.mp3,1:19
C:\Users\bvans\Desktop\Technology\University-of-London\Level5\Session3\OOP\tracks\stomper_reggae_bit.mp3,1:28
C:\Users\bvans\Desktop\Technology\University-of-London\Level5\Session3\OOP\tracks\stomper1.mp3,2:44
C:\Users\bvans\Desktop\Technology\University-of-London\Level5\Session3\OOP\tracks\twindrive.mp3,6:50
C:\Users\bvans\Desktop\Technology\University-of-London\Level5\Session3\OOP\tracks\When The Levee Breaks.mp3,7:07
